PO_LINE_ID,PO_NUMBER,SUPPLIER_NAME,MATERIAL_CODE,PLANT_CODE,PLANT_NAME,RISK_TIER,BREACH_PROBABILITY,DAYS_UNTIL_DUE,QUANTITY_ORDERED,LINE_VALUE,PROMISED_DELIVERY_DATE,SUPPLIER_TIER,MATERIAL_CATEGORY,ABC_CLASS,CRITICALITY
30001,PO-0006001,SteelVault Industries,MAT-00042,PLT-MFG-01,Detroit Assembly,CRITICAL,0.95,3,200,48000.00,2026-10-03,1,METALS,A,CRITICAL
30002,PO-0006002,RidgeLine Composites,MAT-00069,PLT-MFG-02,Monterrey Production,CRITICAL,0.91,5,150,32000.00,2026-10-05,2,POLYMERS,A,CRITICAL
30003,PO-0006003,JetStream Logistics,MAT-00080,PLT-MFG-03,Stuttgart Precision,CRITICAL,0.88,-2,80,25000.00,2026-09-28,1,ELECTRONICS,B,IMPORTANT
30004,PO-0006004,NorthStar Materials,MAT-00112,PLT-MFG-01,Detroit Assembly,HIGH,0.72,8,300,15000.00,2026-10-08,2,CERAMICS,B,STANDARD
30005,PO-0006005,PrimeSource Global,MAT-00136,PLT-MFG-04,Shanghai Hub,HIGH,0.68,12,90,12000.00,2026-10-12,3,RUBBER,C,STANDARD
30006,PO-0006006,SteelVault Industries,MAT-00204,PLT-MFG-02,Monterrey Production,HIGH,0.65,7,450,9500.00,2026-10-07,1,METALS,A,IMPORTANT
30007,PO-0006007,None,MAT-00211,PLT-MFG-05,Chennai Works,MEDIUM,0.45,15,60,7200.00,2026-10-15,2,GLASS,C,STANDARD
30008,PO-0006008,TerraFirm Supply,MAT-00227,PLT-MFG-03,Stuttgart Precision,MEDIUM,0.42,20,25,3500.00,2026-10-20,3,POLYMERS,B,STANDARD
30009,PO-0006009,NorthStar Materials,MAT-00232,PLT-MFG-06,Yokohama Advanced,MEDIUM,0.38,-1,180,2800.00,2026-09-29,1,METALS,A,CRITICAL
30010,PO-0006010,RidgeLine Composites,MAT-00042,PLT-MFG-01,Detroit Assembly,LOW,0.22,25,40,1500.00,2026-10-25,2,METALS,C,STANDARD
